{
    "read_files": [
        "FASTQ/SRR1039512_1.fastq.gz",
        "FASTQ/SRR1039512_2.fastq.gz"
    ],
    "expected_format": "IU",
    "compatible_fragment_ratio": 1.0,
    "num_compatible_fragments": 26088219,
    "num_assigned_fragments": 26088219,
    "num_frags_with_concordant_consistent_mappings": 25695190,
    "num_frags_with_inconsistent_or_orphan_mappings": 847367,
    "strand_mapping_bias": 0.4992516887401883,
    "MSF": 0,
    "OSF": 0,
    "ISF": 12866823,
    "MSR": 0,
    "OSR": 0,
    "ISR": 12828367,
    "SF": 444506,
    "SR": 402861,
    "MU": 0,
    "OU": 0,
    "IU": 0,
    "U": 0
}