{
    "read_files": [
        "FASTQ/SRR1039521_1.fastq.gz",
        "FASTQ/SRR1039521_2.fastq.gz"
    ],
    "expected_format": "IU",
    "compatible_fragment_ratio": 1.0,
    "num_compatible_fragments": 21784047,
    "num_assigned_fragments": 21784047,
    "num_frags_with_concordant_consistent_mappings": 21348636,
    "num_frags_with_inconsistent_or_orphan_mappings": 812607,
    "strand_mapping_bias": 0.4989545467916545,
    "MSF": 0,
    "OSF": 0,
    "ISF": 10696637,
    "MSR": 0,
    "OSR": 0,
    "ISR": 10651999,
    "SF": 412988,
    "SR": 399619,
    "MU": 0,
    "OU": 0,
    "IU": 0,
    "U": 0
}