sample,cod,diagnosis,sex,age,BT,remission,CR,date.cr,t(4;11),t(9;22),cyto.normal,citog,mol.biol,fusion protein,mdr,kinet,ccr,relapse,transplant,f.u,date last seen
01005,1005,5/21/1997,M,53,B2,CR,CR,8/6/1997,FALSE,TRUE,FALSE,t(9;22),BCR/ABL,p210,NEG,dyploid,FALSE,FALSE,TRUE,BMT / DEATH IN CR,NA
01010,1010,3/29/2000,M,19,B2,CR,CR,6/27/2000,FALSE,FALSE,FALSE,simple alt.,NEG,NA,POS,dyploid,FALSE,TRUE,FALSE,REL,8/28/2000
03002,3002,6/24/1998,F,52,B4,CR,CR,8/17/1998,NA,NA,NA,NA,BCR/ABL,p190,NEG,dyploid,FALSE,TRUE,FALSE,REL,10/15/1999
04006,4006,7/17/1997,M,38,B1,CR,CR,9/8/1997,TRUE,FALSE,FALSE,t(4;11),ALL1/AF4,NA,NEG,dyploid,FALSE,TRUE,FALSE,REL,1/23/1998
04007,4007,7/22/1997,M,57,B2,CR,CR,9/17/1997,FALSE,FALSE,FALSE,del(6q),NEG,NA,NEG,dyploid,FALSE,TRUE,FALSE,REL,11/4/1997
04008,4008,7/30/1997,M,17,B1,CR,CR,9/27/1997,FALSE,FALSE,FALSE,complex alt.,NEG,NA,NEG,hyperd.,FALSE,TRUE,FALSE,REL,12/15/1997
04010,4010,10/30/1997,F,18,B1,CR,CR,1/7/1998,FALSE,FALSE,FALSE,complex alt.,NEG,NA,POS,hyperd.,FALSE,TRUE,FALSE,REL,3/5/1998
04016,4016,2/10/2000,M,16,B1,CR,CR,4/17/2000,FALSE,FALSE,FALSE,simple alt.,NEG,NA,NEG,dyploid,FALSE,TRUE,FALSE,REL,9/26/2000
06002,6002,3/19/1997,M,15,B2,CR,CR,6/9/1997,FALSE,FALSE,TRUE,normal,NEG,NA,NEG,dyploid,FALSE,TRUE,FALSE,REL,3/18/1998
08001,8001,1/15/1997,M,40,B2,CR,CR,3/26/1997,FALSE,FALSE,FALSE,del(p15),BCR/ABL,p190,NEG,NA,FALSE,TRUE,FALSE,REL,7/11/1997
08011,8011,8/21/1998,M,33,B3,CR,CR,10/8/1998,FALSE,FALSE,FALSE,del(p15/p16),BCR/ABL,p190/p210,NEG,dyploid,FALSE,FALSE,TRUE,BMT / DEATH IN CR,NA
08012,8012,10/22/1998,M,55,B3,CR,CR,1/9/1999,FALSE,FALSE,FALSE,simple alt.,NEG,NA,NEG,dyploid,FALSE,TRUE,FALSE,REL,4/9/1999
08018,8018,8/27/1999,M,5,B3,CR,CR,10/18/1999,NA,NA,NA,NA,E2A/PBX1,NA,NEG,dyploid,FALSE,TRUE,FALSE,REL,5/23/2000
08024,8024,7/20/2000,M,18,B2,CR,DEATH IN CR,NA,FALSE,FALSE,FALSE,simple alt.,NEG,NA,POS,dyploid,NA,NA,NA,NA,NA
09008,9008,12/17/1999,M,41,B3,CR,CR,2/15/2000,FALSE,TRUE,FALSE,t(9;22)+other,BCR/ABL,p190,NEG,hyperd.,TRUE,FALSE,TRUE,BMT / CCR,00/09/01
09017,9017,2/3/2000,F,27,B,CR,CR,3/23/2000,FALSE,FALSE,TRUE,normal,NEG,NA,NEG,dyploid,FALSE,TRUE,FALSE,REL,9/11/2001
11005,11005,6/1/1998,M,27,B2,CR,DEATH IN CR,8/3/1998,FALSE,FALSE,FALSE,del(7q) + altro,BCR/ABL,p190,NEG,dyploid,FALSE,FALSE,FALSE,DEATH IN CR,NA
12006,12006,2/20/1997,M,46,B3,REF,REF,NA,FALSE,TRUE,FALSE,t(9;22),BCR/ABL,p210,NEG,dyploid,NA,NA,NA,NA,NA
12007,12007,3/11/1997,M,37,B2,CR,CR,5/7/1997,FALSE,TRUE,FALSE,t(9;22)+ del(9),BCR/ABL,NA,NEG,dyploid,FALSE,TRUE,FALSE,REL,9/26/1997
12012,12012,5/21/1997,F,36,B3,REF,REF,NA,FALSE,TRUE,FALSE,t(9;22),BCR/ABL,p190,NEG,dyploid,NA,NA,NA,NA,NA
12019,12019,9/4/1997,M,53,B2,CR,CR,11/11/1997,FALSE,FALSE,TRUE,normal,NEG,NA,POS,dyploid,TRUE,FALSE,FALSE,CCR,6/6/2002
12026,12026,5/29/1998,M,39,B2,REF,REF,NA,FALSE,TRUE,FALSE,t(9;22),BCR/ABL,p190/p210,NA,dyploid,FALSE,FALSE,FALSE,DEATH IN CR,NA
14016,14016,5/27/1999,M,53,B2,NA,NA,NA,FALSE,TRUE,FALSE,t(9;22),BCR/ABL,p210,NEG,NA,NA,NA,NA,NA,NA
15001,15001,9/3/1997,M,20,B1,CR,CR,11/11/1997,FALSE,FALSE,TRUE,normal,NEG,NA,NEG,dyploid,TRUE,FALSE,FALSE,CCR,6/21/2002
15004,15004,2/10/2000,M,44,B1,CR,CR,4/3/2000,TRUE,FALSE,FALSE,t(4;11),ALL1/AF4,NA,NEG,dyploid,FALSE,TRUE,FALSE,REL,12/19/2000
15005,15005,5/4/2000,M,28,B2,CR,CR,6/26/2000,FALSE,TRUE,FALSE,t(9;22)+other,BCR/ABL,p190,POS,hyperd.,FALSE,TRUE,FALSE,REL,11/15/2000
16004,16004,4/19/1997,F,58,B1,CR,CR,7/15/1997,TRUE,FALSE,FALSE,t(4;11),ALL1/AF4,NA,NEG,dyploid,FALSE,TRUE,FALSE,REL,12/9/1997
16009,16009,7/11/2000,F,43,B2,NA,NA,NA,NA,NA,NA,NA,NEG,NA,POS,dyploid,TRUE,FALSE,FALSE,CCR / OFF,5/23/2002
19005,19005,11/15/1997,F,48,B1,CR,CR,2/3/1998,FALSE,FALSE,TRUE,normal,ALL1/AF4,NA,NEG,dyploid,FALSE,TRUE,FALSE,REL,2/4/1998
20002,20002,5/9/1997,F,58,B2,CR,CR,8/19/1997,FALSE,TRUE,FALSE,t(9;22)+other,BCR/ABL,p190,NEG,dyploid,FALSE,TRUE,FALSE,REL,12/15/1997
22009,22009,8/10/1999,F,19,B,NA,NA,NA,FALSE,FALSE,FALSE,simple alt.,NEG,NA,NEG,dyploid,NA,NA,NA,NA,NA
22010,22010,12/31/1999,F,26,B,NA,NA,NA,FALSE,TRUE,FALSE,t(9;22),BCR/ABL,p190/p210,NEG,dyploid,NA,NA,NA,NA,NA
22011,22011,4/7/2000,M,19,B2,CR,CR,5/19/2000,FALSE,FALSE,TRUE,normal,NEG,NA,NEG,dyploid,TRUE,FALSE,FALSE,CCR,7/31/2002
22013,22013,8/17/2000,M,32,B2,REF,REF,NA,FALSE,TRUE,FALSE,t(9;22)+other,BCR/ABL,p190/p210,NEG,dyploid,NA,NA,NA,NA,NA
24001,24001,10/4/1996,F,17,B2,CR,CR,12/20/1996,NA,NA,NA,NA,BCR/ABL,p190,NEG,dyploid,FALSE,TRUE,FALSE,REL,2/10/1997
24005,24005,1/3/1997,F,45,B1,CR,CR,4/8/1997,TRUE,FALSE,FALSE,t(4;11),ALL1/AF4,NA,NEG,dyploid,FALSE,TRUE,FALSE,REL,8/28/1997
24008,24008,5/14/1997,F,20,B2,CR,CR,7/31/1997,NA,NA,NA,NA,NEG,NA,NEG,dyploid,FALSE,FALSE,TRUE,BMT / CCR,00/09/20+T12501
24010,24010,6/3/1997,F,16,B2,CR,CR,8/11/1997,FALSE,TRUE,FALSE,t(9;22),BCR/ABL,p190/p210,NEG,dyploid,FALSE,TRUE,TRUE,BMT / REL,8/24/1998
24011,24011,8/5/1997,F,51,B2,NA,DEATH IN INDUCTION,NA,FALSE,TRUE,FALSE,t(9;22),BCR/ABL,p210,POS,dyploid,NA,NA,NA,NA,NA
24017,24017,9/15/1998,M,57,B2,CR,CR,12/7/1998,FALSE,TRUE,FALSE,t(9;22)+other,BCR/ABL,p190,NEG,hyperd.,FALSE,TRUE,FALSE,REL,2/22/2000
24018,24018,2/18/1999,F,29,B2,CR,CR,5/4/1999,NA,NA,NA,NA,NEG,NA,POS,dyploid,FALSE,TRUE,FALSE,REL,7/22/2000
24019,24019,5/4/1999,M,16,B4,CR,CR,7/28/1999,FALSE,FALSE,FALSE,t(1;19) + del(6q),E2A/PBX1,NA,NEG,dyploid,FALSE,TRUE,FALSE,REL,5/25/2000
24022,24022,12/21/1999,F,32,B4,REF,REF,NA,FALSE,TRUE,FALSE,t(9;22),BCR/ABL,p190,POS,dyploid,NA,NA,NA,NA,NA
25003,25003,5/22/1998,M,15,B2,CR,CR,8/4/1998,FALSE,FALSE,FALSE,simple alt.,NEG,NA,POS,dyploid,TRUE,FALSE,FALSE,CCR,6/10/2002
25006,25006,3/18/2000,NA,NA,B2,CR,CR,5/8/2000,NA,NA,NA,NA,NEG,NA,NEG,NA,TRUE,FALSE,FALSE,CCR,3/3/2002
26001,26001,9/27/1997,M,21,B2,CR,CR,12/11/1997,NA,NA,NA,NA,NEG,NA,POS,dyploid,TRUE,FALSE,FALSE,CCR,7/31/2002
26003,26003,2/18/1998,F,49,B4,CR,CR,4/21/1998,FALSE,FALSE,FALSE,del(p15/p16),BCR/ABL,p210,NEG,dyploid,FALSE,TRUE,FALSE,REL,7/1/1998
26005,26005,8/21/1998,M,38,B2,CR,CR,11/15/1998,NA,NA,NA,NA,p15/p16,NA,NEG,dyploid,FALSE,TRUE,FALSE,REL,3/4/2002
26008,26008,8/25/1999,F,17,B1,CR,CR,10/14/1999,FALSE,FALSE,TRUE,normal,ALL1/AF4,NA,NEG,dyploid,FALSE,TRUE,FALSE,REL,6/26/2000
27003,27003,1/17/1998,F,26,B2,CR,CR,3/16/1998,NA,NA,NA,NA,BCR/ABL,p190/p210,POS,dyploid,FALSE,TRUE,FALSE,REL,5/6/1998
27004,27004,10/20/1998,F,48,B2,REF,REF,NA,FALSE,TRUE,FALSE,t(9;22)+del(p15),BCR/ABL,p190,NEG,dyploid,NA,NA,NA,NA,NA
28001,28001,10/19/1996,M,16,B3,REF,REF,NA,FALSE,FALSE,TRUE,normal,NEG,NA,POS,dyploid,NA,NA,NA,NA,NA
28003,28003,11/28/1996,M,18,B4,CR,CR,1/17/1997,NA,NA,NA,NA,E2A/PBX1,NA,NEG,hyperd.,TRUE,FALSE,FALSE,CCR,12/31/2002
28005,28005,12/27/1996,M,17,B3,CR,CR,2/26/1997,FALSE,FALSE,FALSE,complex alt.,NEG,NA,POS,hyperd.,FALSE,TRUE,FALSE,REL,3/6/1998
28006,28006,1/13/1997,M,22,B3,CR,CR,3/14/1997,FALSE,FALSE,FALSE,del(6q),NEG,NA,NEG,dyploid,FALSE,TRUE,FALSE,REL,1/16/1998
28007,28007,2/21/1997,F,47,B3,CR,CR,4/7/1997,FALSE,FALSE,TRUE,normal,NEG,NA,NEG,dyploid,TRUE,FALSE,FALSE,CCR,3/22/2002
28019,28019,2/10/1998,M,21,B4,CR,CR,4/2/1998,NA,NA,NA,NA,BCR/ABL,p190,NEG,hyperd.,TRUE,FALSE,TRUE,BMT / CCR,3/21/2001
28021,28021,3/18/1998,F,54,B3,CR,DEATH IN CR,5/22/1998,FALSE,TRUE,FALSE,t(9;22)+other,BCR/ABL,p190/p210,NEG,hyperd.,FALSE,FALSE,FALSE,DEATH IN CR (ICR),NA
28023,28023,2/26/1998,M,26,B3,CR,CR,4/20/1998,FALSE,FALSE,TRUE,normal,NEG,NA,NEG,dyploid,FALSE,TRUE,FALSE,REL / SNC,2/5/1999
28024,28024,4/19/1998,F,19,B1,CR,CR,6/17/1998,FALSE,FALSE,FALSE,complex alt.,NEG,NA,NEG,hyperd.,TRUE,FALSE,FALSE,CCR,12/31/2002
28028,28028,7/8/1998,M,47,B1,CR,CR,9/3/1998,TRUE,FALSE,FALSE,t(4;11),ALL1/AF4,NA,NEG,dyploid,FALSE,TRUE,FALSE,REL,10/20/1999
28031,28031,9/23/1998,M,18,B1,CR,CR,12/7/1998,FALSE,FALSE,TRUE,normal,NEG,NA,NEG,dyploid,FALSE,TRUE,FALSE,REL,1/17/1999
28032,28032,9/26/1998,F,52,B1,CR,CR,10/30/1998,TRUE,FALSE,FALSE,t(4;11),ALL1/AF4,NA,NEG,dyploid,TRUE,FALSE,FALSE,CCR,5/16/2002
28035,28035,12/21/1998,M,27,B3,CR,CR,2/12/1999,NA,NA,NA,NA,NEG,NA,POS,hyperd.,TRUE,FALSE,FALSE,CCR,5/20/2002
28036,28036,12/23/1998,M,52,B3,CR,CR,3/8/1999,FALSE,TRUE,FALSE,t(9;22),BCR/ABL,p190,NEG,dyploid,FALSE,TRUE,FALSE,REL,3/15/1999
28037,28037,12/30/1998,M,18,B3,CR,CR,3/4/1999,FALSE,FALSE,TRUE,normal,NEG,NA,POS,dyploid,FALSE,TRUE,FALSE,REL,4/23/2001
28042,28042,6/18/1999,M,18,B3,CR,CR,8/9/1999,NA,NA,NA,NA,NEG,NA,NEG,dyploid,FALSE,TRUE,FALSE,REL,11/30/2002
28043,28043,6/28/1999,M,23,B3,CR,CR,8/23/1999,NA,NA,NA,NA,NEG,NA,NEG,dyploid,FALSE,TRUE,FALSE,REL,3/29/2001
28044,28044,7/20/1999,M,16,B3,CR,CR,9/20/1999,FALSE,FALSE,FALSE,complex alt.,NEG,NA,NEG,dyploid,FALSE,TRUE,FALSE,REL,12/23/1999
28047,28047,4/17/2000,M,NA,B3,CR,CR,NA,FALSE,FALSE,FALSE,simple alt.,NEG,NA,NEG,dyploid,FALSE,TRUE,FALSE,REL,9/4/2000
30001,30001,1/16/1997,F,54,B3,NA,DEATH IN INDUCTION,NA,FALSE,TRUE,FALSE,t(9;22)+other,BCR/ABL,p190,NEG,hyperd.,NA,NA,NA,NA,NA
31007,31007,2/20/1997,M,25,B1,CR,CR,5/15/1997,TRUE,FALSE,FALSE,t(4;11),ALL1/AF4,NA,NEG,dyploid,FALSE,TRUE,FALSE,REL,12/3/1998
31011,31011,11/15/1997,M,31,B3,CR,CR,1/21/1998,FALSE,TRUE,FALSE,t(9;22),BCR/ABL,p210,POS,dyploid,FALSE,TRUE,TRUE,AUBMT / REL,6/1/1998
33005,33005,2/10/1998,F,19,B1,CR,CR,4/29/1998,FALSE,FALSE,FALSE,complex alt.,NEG,NA,NEG,dyploid,TRUE,FALSE,FALSE,CCR,6/28/2002
36001,36001,9/29/1997,F,24,B4,CR,CR,12/5/1997,FALSE,FALSE,TRUE,normal,E2A/PBX1,NA,NEG,dyploid,FALSE,TRUE,FALSE,REL,1/7/1998
36002,36002,4/1/1998,M,23,B2,CR,CR,6/9/1998,FALSE,FALSE,TRUE,normal,NEG,NA,NEG,hyperd.,FALSE,TRUE,FALSE,REL,3/29/2001
37013,37013,5/28/1998,M,NA,B2,NA,NA,NA,FALSE,FALSE,FALSE,del(p15/p16),BCR/ABL,NA,NEG,dyploid,NA,NA,NA,NA,NA
43001,43001,11/14/1996,M,41,B1,CR,CR,1/30/1997,FALSE,TRUE,FALSE,t(9;22),BCR/ABL,p190/p210,POS,dyploid,FALSE,TRUE,FALSE,REL,6/28/1998
43004,43004,2/4/1997,F,37,B3,CR,CR,4/1/1997,NA,NA,NA,NA,NEG,NA,NEG,dyploid,TRUE,FALSE,FALSE,CCR,3/20/2001
43007,43007,10/14/1997,M,54,B4,CR,CR,12/30/1997,FALSE,FALSE,TRUE,normal,NEG,NA,NEG,hyperd.,TRUE,FALSE,FALSE,CCR,5/29/2002
43012,43012,1/15/1999,M,18,B4,CR,CR,3/22/1999,NA,NA,NA,NA,NEG,NA,NEG,dyploid,FALSE,TRUE,FALSE,REL,4/20/2000
48001,48001,3/22/1997,M,19,B2,CR,CR,5/20/1997,FALSE,FALSE,FALSE,complex alt.,NEG,NA,NEG,hyperd.,FALSE,FALSE,FALSE,MUD / DEATH IN CR,12/18/1998
49006,49006,8/12/1998,F,43,B2,CR,CR,11/19/1998,NA,NA,NA,NA,BCR/ABL,p210,NEG,dyploid,FALSE,TRUE,FALSE,REL,4/26/1999
57001,57001,1/29/1997,F,53,B3,NA,DEATH IN INDUCTION,NA,FALSE,FALSE,TRUE,normal,NEG,NA,NEG,hyperd.,NA,NA,NA,NA,NA
62001,62001,11/11/1997,F,50,B4,REF,REF,NA,FALSE,TRUE,FALSE,t(9;22)+other,BCR/ABL,NA,NEG,hyperd.,NA,NA,NA,NA,NA
62002,62002,1/15/1998,M,54,B4,NA,DEATH IN INDUCTION,NA,FALSE,TRUE,FALSE,t(9;22)+other,BCR/ABL,NA,NEG,hyperd.,NA,NA,NA,NA,NA
62003,62003,12/4/1998,M,53,B4,CR,CR,1/28/1999,FALSE,TRUE,FALSE,t(9;22)+other,BCR/ABL,p210,NEG,hyperd.,FALSE,TRUE,FALSE,REL,8/8/2000
63001,63001,7/8/1997,M,49,B1,CR,CR,9/2/1997,NA,NA,NA,NA,ALL1/AF4,NA,NEG,dyploid,FALSE,TRUE,FALSE,REL,6/10/1998
64001,64001,8/28/1997,M,20,B2,CR,CR,10/27/1997,FALSE,FALSE,FALSE,simple alt.,NEG,NA,NEG,dyploid,FALSE,TRUE,FALSE,REL,1/21/1998
64002,64002,10/21/1997,F,26,B2,CR,CR,1/21/1998,NA,NA,NA,NA,NEG,NA,NEG,hyperd.,FALSE,FALSE,TRUE,BMT / DEATH IN CR,NA
65005,65005,7/20/1999,M,22,B2,REF,REF,NA,FALSE,TRUE,FALSE,t(9;22)+del(p15/p16),BCR/ABL,p190,NEG,dyploid,NA,NA,NA,NA,NA
68001,68001,5/15/1997,M,36,B1,CR,CR,7/22/1997,FALSE,FALSE,TRUE,normal,NEG,NA,NEG,dyploid,TRUE,FALSE,FALSE,CCR,5/10/2002
68003,68003,4/11/2000,F,27,B2,NA,DEATH IN INDUCTION,NA,FALSE,TRUE,FALSE,t(9;22)+other,BCR/ABL,p190,NEG,NA,NA,NA,NA,NA,NA
84004,84004,9/25/1998,M,50,B,CR,CR,12/1/1998,NA,NA,NA,NA,BCR/ABL,p190,NEG,dyploid,FALSE,TRUE,FALSE,REL,1/25/1999
LAL5,LAL5,NA,NA,NA,B,NA,NA,NA,NA,NA,NA,NA,E2A/PBX1,NA,NA,NA,NA,NA,NA,NA,NA
01003,1003,2/18/1997,M,31,T,CR,CR,4/29/1997,FALSE,FALSE,TRUE,normal,NEG,NA,NEG,dyploid,FALSE,TRUE,FALSE,REL,7/11/1997
01007,1007,9/30/1998,F,16,T3,CR,CR,11/30/1998,FALSE,FALSE,FALSE,simple alt.,NUP-98,NA,NEG,hyperd.,FALSE,FALSE,TRUE,BMT / DEATH IN CR,NA
02020,2020,3/23/2000,F,48,T2,NA,DEATH IN INDUCTION,NA,FALSE,FALSE,FALSE,complex alt.,NEG,NA,NEG,dyploid,NA,NA,NA,NA,NA
04018,4018,3/24/2000,M,17,T2,CR,CR,5/23/2000,FALSE,FALSE,FALSE,simple alt.,NEG,NA,NEG,dyploid,TRUE,FALSE,FALSE,CCR,5/14/2001
09002,9002,5/14/1998,F,40,T3,CR,CR,7/21/1998,NA,NA,NA,NA,NEG,NA,NEG,dyploid,FALSE,TRUE,FALSE,REL / SNC,9/14/1999
10005,10005,9/30/1997,M,22,T2,CR,CR,1/26/1998,NA,NA,NA,NA,NEG,NA,NEG,dyploid,FALSE,TRUE,FALSE,REL,10/10/1999
11002,11002,12/23/1996,M,30,T,CR,CR,3/18/1997,FALSE,FALSE,TRUE,normal,NEG,NA,NEG,dyploid,FALSE,TRUE,FALSE,REL,4/14/1998
12008,12008,3/22/1997,M,18,T4,REF,REF,NA,FALSE,FALSE,FALSE,del(6q),NEG,NA,NEG,dyploid,NA,NA,NA,NA,NA
15006,15006,6/10/1998,M,22,T2,CR,CR,8/11/1998,FALSE,FALSE,FALSE,complex alt.,NEG,NA,NEG,hyperd.,FALSE,TRUE,FALSE,REL,9/15/2000
16002,16002,4/10/1997,M,50,T3,CR,CR,6/10/1997,NA,NA,NA,NA,NEG,NA,NEG,hyperd.,FALSE,TRUE,FALSE,REL,12/7/1999
16007,16007,11/1/1998,M,41,T3,CR,CR,11/5/1998,NA,NA,NA,NA,NEG,NA,NEG,dyploid,TRUE,FALSE,FALSE,CCR,1/8/2002
17003,17003,4/8/1997,F,40,T,REF,REF,NA,NA,NA,NA,NA,NEG,NA,POS,dyploid,NA,NA,NA,NA,NA
18001,18001,4/23/1997,F,28,T2,REF,REF,NA,NA,NA,NA,NA,NEG,NA,NEG,hyperd.,NA,NA,NA,NA,NA
19002,19002,1/29/1997,M,25,T3,CR,CR,4/10/1997,FALSE,FALSE,FALSE,simple alt.,NEG,NA,NEG,hyperd.,FALSE,TRUE,FALSE,REL,11/10/1997
19008,19008,4/29/1998,F,16,T2,REF,REF,NA,FALSE,FALSE,TRUE,normal,NEG,NA,POS,dyploid,NA,NA,NA,NA,NA
19014,19014,3/24/1999,M,31,T2,CR,CR,5/13/1999,FALSE,FALSE,FALSE,simple alt.,NEG,NA,NEG,dyploid,FALSE,TRUE,FALSE,REL,4/1/2000
19017,19017,3/17/2000,M,14,T2,CR,CR,6/15/2000,FALSE,FALSE,TRUE,normal,NEG,NA,POS,dyploid,FALSE,TRUE,FALSE,REL,7/5/2001
20005,20005,3/15/2000,M,24,T1,CR,CR,5/5/2000,NA,NA,NA,NA,NEG,NA,NEG,dyploid,TRUE,FALSE,FALSE,CCR,3/20/2002
24006,24006,1/14/1997,F,19,T4,CR,CR,not known,FALSE,FALSE,FALSE,simple alt.,NEG,NA,NEG,dyploid,TRUE,FALSE,FALSE,CCR,6/5/2002
26009,26009,8/26/1999,M,37,T,CR,CR,10/18/1999,FALSE,FALSE,TRUE,normal,NEG,NA,NEG,dyploid,FALSE,TRUE,FALSE,REL,6/12/2000
28008,28008,3/27/1997,M,23,T2,CR,CR,5/27/1997,FALSE,FALSE,TRUE,normal,NEG,NA,NEG,hyperd.,TRUE,FALSE,FALSE,CCR,4/9/2002
28009,28009,4/19/1997,F,30,T3,CR,CR,6/13/1997,NA,NA,NA,NA,NEG,NA,NEG,dyploid,FALSE,TRUE,FALSE,REL,6/30/1998
31015,31015,12/3/1998,M,48,T2,NA,DEATH IN INDUCTION,NA,NA,NA,NA,NA,NEG,NA,POS,dyploid,NA,NA,NA,NA,NA
37001,37001,1/30/1997,M,22,T2,CR,CR,4/3/1997,NA,NA,NA,NA,NEG,NA,NEG,dyploid,FALSE,TRUE,FALSE,REL,1/7/1998
43006,43006,6/17/1997,M,41,T2,REF,REF,NA,FALSE,FALSE,FALSE,simple alt.,NEG,NA,POS,dyploid,NA,NA,NA,NA,NA
43015,43015,2/29/2000,M,52,T2,CR,CR,6/8/2000,FALSE,FALSE,TRUE,normal,NEG,NA,NEG,dyploid,FALSE,TRUE,FALSE,REL,3/15/2002
44001,44001,1/15/1997,M,32,T3,CR,CR,3/7/1997,FALSE,FALSE,FALSE,del(6q),NEG,NA,NEG,NA,FALSE,TRUE,FALSE,REL,11/25/1997
49004,49004,9/18/1997,M,24,T3,CR,CR,11/11/1997,FALSE,FALSE,FALSE,del(7q),NEG,NA,POS,dyploid,TRUE,FALSE,FALSE,CCR,6/14/2001
56007,56007,8/6/1999,M,37,T3,CR,CR,9/24/1999,NA,NA,NA,NA,NEG,NA,NEG,dyploid,TRUE,FALSE,FALSE,CCR,1/26/2001
64005,64005,10/1/1998,M,19,T2,REF,REF,NA,NA,NA,NA,NA,NEG,NA,NEG,dyploid,NA,NA,NA,NA,NA
65003,65003,3/27/1998,M,30,T3,CR,CR,5/27/1998,FALSE,FALSE,FALSE,simple alt.,NEG,NA,NEG,dyploid,FALSE,TRUE,FALSE,REL,2/11/1999
83001,83001,10/23/1998,M,29,T2,CR,CR,12/21/1998,FALSE,FALSE,FALSE,complex alt.,NEG,NA,NEG,hyperd.,TRUE,FALSE,FALSE,CCR,5/24/2002
LAL4,LAL4,NA,NA,NA,T,NA,NA,NA,NA,NA,NA,NA,NEG,NA,NA,NA,NA,NA,NA,NA,NA
