{
    "read_files": [
        "FASTQ/SRR1039513_1.fastq.gz",
        "FASTQ/SRR1039513_2.fastq.gz"
    ],
    "expected_format": "IU",
    "compatible_fragment_ratio": 1.0,
    "num_compatible_fragments": 15654204,
    "num_assigned_fragments": 15654204,
    "num_frags_with_concordant_consistent_mappings": 15376110,
    "num_frags_with_inconsistent_or_orphan_mappings": 558868,
    "strand_mapping_bias": 0.4998448242110651,
    "MSF": 0,
    "OSF": 0,
    "ISF": 7690441,
    "MSR": 0,
    "OSR": 0,
    "ISR": 7685669,
    "SF": 285434,
    "SR": 273434,
    "MU": 0,
    "OU": 0,
    "IU": 0,
    "U": 0
}